Action,Function
is.workflow.actions.dictionary,action_dictionary
is.workflow.actions.comment,action_comment
is.workflow.actions.gettext,action_gettext
is.workflow.actions.choosefromlist,action_choosefromlist
is.workflow.actions.conditional,action_conditional
is.workflow.actions.setvariable,action_setvariable
is.workflow.actions.openapp,action_openapp
is.workflow.actions.sendmessage,action_sendmessage
is.workflow.actions.playmusic,action_playmusic
is.workflow.actions.showresult,action_showresult
is.workflow.actions.alert,action_alert
is.workflow.actions.getlastphoto,action_getlastphoto
is.workflow.actions.image.resize,action_resize
is.workflow.actions.image.convert,action_image_convert
is.workflow.actions.base64encode,action_base64encode
is.workflow.actions.detect.text,action_detect_text
is.workflow.actions.text.split,action_text_split
is.workflow.actions.repeat.each,action_repeat_each
com.apple.mobiletimer-framework.MobileTimerIntents.MTCreateAlarmIntent,action_create_alarm
com.apple.mobiletimer.DeleteAlarmIntent,action_delete_alarm
is.workflow.actions.ask,action_ask
is.workflow.actions.count,action_count
is.workflow.actions.choosefrommenu,action_choosefrommenu
is.workflow.actions.repeat.count,action_repeat_count
is.workflow.actions.delay,action_delay
is.workflow.actions.getvariable,action_getvariable
is.workflow.actions.appendvariable,action_appendvariable
is.workflow.actions.list,action_list
is.workflow.actions.getvalueforkey,action_getvalueforkey
is.workflow.actions.setvalueforkey,action_setvalueforkey
is.workflow.actions.detect.dictionary,action_detect_dictionary
is.workflow.actions.number,action_number
is.workflow.actions.number.random,action_number_random
is.workflow.actions.round,action_round
is.workflow.actions.statistics,action_statistics
is.workflow.actions.measurement.create,action_measurement_create
is.workflow.actions.measurement.convert,action_measurement_convert
is.workflow.actions.date,action_date
is.workflow.actions.format.date,action_format_date
is.workflow.actions.adjustdate,action_adjustdate
is.workflow.actions.gettimebetweendates,action_gettimebetweendates
is.workflow.actions.detect.date,action_detect_date
is.workflow.actions.converttimezone,action_converttimezone
is.workflow.actions.getnameofemoji,action_getnameofemoji
is.workflow.actions.showdefinition,action_showdefinition
is.workflow.actions.text.changecase,action_text_changecase
is.workflow.actions.text.combine,action_text_combine
is.workflow.actions.text.replace,action_text_replace
is.workflow.actions.text.match,action_text_match
is.workflow.actions.correctspelling,action_correctspelling
is.workflow.actions.text.match.getgroup,action_text_match_getgroup
is.workflow.actions.dictatetext,action_dictatetext
com.apple.ShortcutsActions.TranscribeAudioAction,action_transcribe_audio
is.workflow.actions.speaktext,action_speaktext
is.workflow.actions.makespokenaudiofromtext,action_makespokenaudiofromtext
is.workflow.actions.detectlanguage,action_detectlanguage
is.workflow.actions.text.translate,action_text_translate
is.workflow.actions.getitemname,action_getitemname
is.workflow.actions.setitemname,action_setitemname
is.workflow.actions.getitemtype,action_getitemtype
is.workflow.actions.getmyworkflows,action_getmyworkflows
is.workflow.actions.viewresult,action_viewresult
is.workflow.actions.previewdocument,action_previewdocument
is.workflow.actions.runworkflow,action_runworkflow
is.workflow.actions.getonscreencontent,action_getonscreencontent
is.workflow.actions.hash,action_hash
is.workflow.actions.urlencode,action_urlencode
is.workflow.actions.exit,action_exit
is.workflow.actions.openxcallbackurl,action_openxcallbackurl
is.workflow.actions.runsshscript,action_runsshscript
is.workflow.actions.waittoreturn,action_waittoreturn
is.workflow.actions.output,action_output
is.workflow.actions.format.filesize,action_format_filesize
is.workflow.actions.flashlight,action_flashlight
is.workflow.actions.dnd.set,action_dnd_set
is.workflow.actions.dnd.getfocus,action_dnd_getfocus
is.workflow.actions.nothing,action_nothing
is.workflow.actions.bluetooth.set,action_bluetooth_set
is.workflow.actions.wifi.set,action_wifi_set
is.workflow.actions.airplanemode.set,action_airplanemode_set
is.workflow.actions.reboot,action_reboot
is.workflow.actions.lowpowermode.set,action_lowpowermode_set
is.workflow.actions.appearance,action_appearance
is.workflow.actions.setairdropreceiving,action_setairdroppreceiving
is.workflow.actions.vpn.set,action_vpn_set
is.workflow.actions.personalhotspot.set,action_personalhotspot_set
is.workflow.actions.cellulardata.set,action_cellulardata_set
is.workflow.actions.lockscreen,action_lockscreen
is.workflow.actions.nightshift.set,action_nightshift_set
is.workflow.actions.truetone.set,action_truetone_set
is.workflow.actions.setbrightness,action_setbrightness
is.workflow.actions.orientationlock.set,action_orientationlock_set
is.workflow.actions.returntohomescreen,action_returntohomescreen
is.workflow.actions.takephoto,action_takephoto
is.workflow.actions.takevideo,action_takevideo
is.workflow.actions.recordaudio,action_recordaudio
is.workflow.actions.takescreenshot,action_takescreenshot
is.workflow.actions.getdevicedetails,action_getdevicedetails
is.workflow.actions.getbatterylevel,action_getbatterylevel
com.apple.ShortcutsActions.GetOrientationAction,action_getorientation
com.apple.ShortcutsActions.GetPhysicalActivity,action_getphysicalactivity
is.workflow.actions.setclipboard,action_setclipboard
is.workflow.actions.playsound,action_playsound
is.workflow.actions.notification,action_notification
is.workflow.actions.getclipboard,action_getclipboard
is.workflow.actions.vibrate,action_vibrate
is.workflow.actions.getipaddress,action_getipaddress
is.workflow.actions.getwifi,action_getwifi
is.workflow.actions.personalhotspot.password.get,action_personalhotspot_password_get
com.apple.ShortcutsActions.ResetCellularDataStatisticsAction,action_reset_cellulardata_statistics
is.workflow.actions.wallpaper.set,action_wallpaper_set
is.workflow.actions.posters.get,action_posters_get
is.workflow.actions.getcurrentlocation,action_getcurrentlocation
is.workflow.actions.searchlocalbusinesses,action_searchlocalbusinesses
is.workflow.actions.posters.switch,action_posters_switch
is.workflow.actions.getdirections,action_getdirections
is.workflow.actions.searchmaps,action_searchmap
is.workflow.actions.filter.locations,action_filter_locations
is.workflow.actions.ride.requestride,action_requestride
is.workflow.actions.properties.locations,action_properties_location
is.workflow.actions.location,action_location
is.workflow.actions.getmapslink,action_getmapslink
is.workflow.actions.address,action_address
is.workflow.actions.detect.address,action_detect_address
is.workflow.actions.getdistance,action_getdistance
is.workflow.actions.gethalfwaypoint,action_gethalfwaypoint
is.workflow.actions.gettraveltime,action_gettraveltime
is.workflow.actions.getparkedcarlocation,action_getparkedcarlocation
is.workflow.actions.properties.parkedcar,action_properties_parkedcar
is.workflow.actions.setparkedcar,action_setparkedcar
is.workflow.actions.share,action_share
is.workflow.actions.runextension,action_runextension
is.workflow.actions.sendemail,action_sendemail
is.workflow.actions.airdropdocument,action_airdropdocument
com.apple.mobileslideshow.StreamShareService,action_mobileslideshow_streamshareservice
is.workflow.actions.generatebarcode,action_generatebarcode
is.workflow.actions.scanbarcode,action_scanbarcode
is.workflow.actions.print,action_print
is.workflow.actions.avairyeditphoto,action_avairyeditphoto
is.workflow.actions.makepdf,action_makepdf
is.workflow.actions.compresspdf,action_compresspdf
is.workflow.actions.splitpdf,action_splitpdf
is.workflow.actions.gettextfrompdf,action_gettextfrompdf
is.workflow.actions.file,action_file
is.workflow.actions.file.select,action_file_select
is.workflow.actions.file.move,action_file_move
is.workflow.actions.file.rename,action_file_rename
is.workflow.actions.documentpicker.save,action_documentpicker_save
is.workflow.actions.file.delete,action_file_delete
is.workflow.actions.file.getlink,action_file_getlink
is.workflow.actions.file.createfolder,action_file_createfolder
is.workflow.actions.file.getfoldercontents,action_file_getfoldercontents
is.workflow.actions.openin,action_openin
is.workflow.actions.file.append,action_file_append
is.workflow.actions.makezip,action_makezip
is.workflow.actions.unzip,action_unzip
is.workflow.actions.documentpicker.open,action_documentpicker_open
is.workflow.actions.properties.files,action_properties_files
is.workflow.actions.filter.files,action_filter_files
is.workflow.actions.gethtmlfromrichtext,action_gethtmlfromrichtext
is.workflow.actions.getmarkdownfromrichtext,action_getmarkdownfromrichtext
is.workflow.actions.getrichtextfrommarkdown,action_getrichtextfrommarkdown
is.workflow.actions.getrichtextfromhtml,action_getrichtextfromhtml
is.workflow.actions.searchweb,action_searchweb
is.workflow.actions.openurl,action_openurl
is.workflow.actions.giphy,action_giphy
is.workflow.actions.showwebpage,action_showwebpage
is.workflow.actions.readinglist,action_readinglist
is.workflow.actions.rss,action_rss
is.workflow.actions.rss.extract,action_rss_extract
is.workflow.actions.filter.articles,action_filter_articles
is.workflow.actions.properties.articles,action_properties_articles
is.workflow.actions.url,action_url
is.workflow.actions.detect.link,action_detect_link
is.workflow.actions.geturlcomponent,action_geturlcomponent
is.workflow.actions.url.expand,action_url_expand
is.workflow.actions.downloadurl,action_downloadurl
is.workflow.actions.url.getheaders,action_url_getheaders
is.workflow.actions.getwebpagecontents,action_getwebpagecontents
is.workflow.actions.properties.safariwebpage,action_properties_safariwebpage
is.workflow.actions.runjavascriptonwebpage,action_runjavascriptonwebpage
is.workflow.actions.filter.images,action_filter_images
is.workflow.actions.properties.images,action_properties_images
is.workflow.actions.detect.images,action_detect_images
is.workflow.actions.makeimagefromrichtext,action_makeimagefromrichtext
is.workflow.actions.makeimagefrompdfpage,action_makeimagefrompdfpage
is.workflow.actions.extracttextfromimage,action_extracttextfromimage
is.workflow.actions.image.combine,action_image_combine
is.workflow.actions.image.crop,action_image_crop
is.workflow.actions.image.flip,action_image_flip
is.workflow.actions.image.mask,action_image_mask
is.workflow.actions.overlayimageonimage,action_overlayimageonimage
is.workflow.actions.overlaytext,action_overlaytext
is.workflow.actions.image.rotate,action_image_rotate
is.workflow.actions.image.removebackground,action_image_removebackground
is.workflow.actions.makegif,action_makegif
is.workflow.actions.makevideofromgif,action_makevideofromgif
is.workflow.actions.addframetogif,action_addframetogif
is.workflow.actions.getframesfromimage,action_getframesfromimage
is.workflow.actions.selectphoto,action_selectphoto
is.workflow.actions.filter.photos,action_filter_photos
is.workflow.actions.getlastvideo,action_getlastvideo
is.workflow.actions.getlastscreenshot,action_getlastscreenshot
is.workflow.actions.getlatestbursts,action_getlatestburst
is.workflow.actions.getlatestlivephotos,action_getlatestlivephotos
is.workflow.actions.getlatestphotoimport,action_getlatestphotoimport
is.workflow.actions.removefromalbum,action_removefromalbum
is.workflow.actions.deletephotos,action_deletephoto
is.workflow.actions.savetocameraroll,action_savetocameraroll
is.workflow.actions.encodemedia,action_encodemedia
is.workflow.actions.trimvideo,action_trimvideo
is.workflow.actions.setvolume,action_setvolume
is.workflow.actions.pausemusic,action_pausemusic
is.workflow.actions.seek,action_seek
is.workflow.actions.skipback,action_skipback
is.workflow.actions.skipforward,action_skipforward
is.workflow.actions.listeningmode.set,action_listeningmode_set
is.workflow.actions.handoffplayback,action_handoffplayback
is.workflow.actions.setplaybackdestination,action_setplaybackdestination
is.workflow.actions.exportsong,action_exportsong
is.workflow.actions.filter.music,action_filter_music
is.workflow.actions.addmusictoupnext,action_addmusictoupnext
is.workflow.actions.clearupnext,action_clearupnext
is.workflow.actions.getcurrentsong,action_getcurrentsong
is.workflow.actions.properties.music,action_properties_music
is.workflow.actions.addtoplaylist,action_addtoplaylist
is.workflow.actions.createplaylist,action_createplaylist
is.workflow.actions.get.playlist,action_get_playlist
is.workflow.actions.searchpodcasts,action_searchpodcasts
is.workflow.actions.podcasts.subscribe,action_podcasts_subscribe
is.workflow.actions.playpodcast,action_playpodcast
is.workflow.actions.getepisodesforpodcast,action_getepisodesforpodcast
is.workflow.actions.getpodcastsfromlibrary,action_getpodcastsfromlibrary
is.workflow.actions.properties.podcastshow,action_properties_podcasthow
is.workflow.actions.properties.podcast,action_properties_podcast
is.workflow.actions.searchappstore,action_searchappstore
is.workflow.actions.properties.appstore,action_properties_appstore
is.workflow.actions.filter.health.quantity,action_filter_health_quality
is.workflow.actions.health.quantity.log,action_health_quantity_log
is.workflow.actions.health.workout.log,action_health_workout_log
is.workflow.actions.properties.health.quantity,action_properties_health_quantity
is.workflow.actions.addnewcalendar,action_addnewcalendar
is.workflow.actions.addnewevent,action_addnewevent
is.workflow.actions.setters.calendarevents,action_setters_calendarevents
is.workflow.actions.filter.eventattendees,action_filter_eventattendees
is.workflow.actions.properties.calendarevents,action_properties_calendarevents
is.workflow.actions.properties.eventattendees,action_properties_eventattendees
is.workflow.actions.getupcomingevents,action_getupcomingevents
is.workflow.actions.showincalendar,action_showincalendar
is.workflow.actions.removeevents,action_removeevents
com.apple.mobilecal.SetCalendarFocusConfiguration,action_set_calendar_focus
is.workflow.actions.filter.calendarevents,action_filter_calendarevents
com.apple.mobiletimer-framework.MobileTimerIntents.MTGetAlarmsIntent,action_filter_alarms
com.apple.mobiletimer.EditSleepAlarmIntent,action_edit_alarm
com.apple.mobiletimer-framework.MobileTimerIntents.MTToggleAlarmIntent,action_toggle_turn_alarm
com.apple.mobiletimer.LapStopwatchIntent,action_lap_stopwatch
com.apple.mobiletimer.ResetStopwatchIntent,action_reset_stopwatch
com.apple.mobiletimer.StartStopwatchIntent,action_start_stopwatch
com.apple.mobiletimer.StopStopwatchIntent,action_stop_stopwatch
com.apple.mobiletimer.OpenTab,action_opentab
com.apple.mobiletimer.CancelTimerIntent,action_cancel_timer
com.apple.mobiletimer.GetCurrentTimerDetailsIntent,action_get_detail_timer
com.apple.mobiletimer.PauseTimerIntent,action_pause_timer
com.apple.mobiletimer.ResumeTimerIntent,action_resume_timer
is.workflow.actions.timer.start,action_timer_start
com.apple.facetime.facetime,action_facetime
is.workflow.actions.homeaccessory,action_homeaccessory
is.workflow.actions.gethomeaccessorystate,action_gethomeaccessory
is.workflow.actions.intercom,action_intercom
is.workflow.actions.email,action_email
is.workflow.actions.detect.emailaddress,action_detect_emailaddress
com.apple.mobilemail.OpenMailboxEntityAction,action_open_mailbox
com.apple.mobilemail.SearchMessagesAction,action_search_message_mail
is.workflow.actions.selectemail,action_selectemail
com.apple.mobilemail.MailFocusConfigurationAction,action_change_focus_mail
is.workflow.actions.useractivity.open,action_user_activity_open
is.workflow.actions.appendnote,action_appendnote
com.apple.mobilenotes.SharingExtension,action_createnote
com.apple.mobilenotes.DeleteNotesLinkAction,action_deletenote
is.workflow.actions.filter.notes,action_filter_notes
is.workflow.actions.shownote,action_shownote
com.apple.mobilenotes.PinNotesLinkAction,action_add_to_pinnote
com.apple.mobilenotes.ICNotesFolderIntent,action_show_notefolder
com.apple.mobilenotes.ShowQuickNoteIntent,action_show_quicknote
com.apple.mobilenotes.OpenAccountLinkAction,action_note_openaccount
com.apple.mobilenotes.ChangeSettingLinkAction,action_note_changesetting
com.apple.mobilenotes.OpenAppLocationLinkAction,action_open_view_note
com.apple.mobilenotes.CreateFolderLinkAction,action_create_note_folder
com.apple.mobilenotes.DeleteFoldersLinkAction,action_delete_note_folder
com.apple.mobilenotes.MoveNotesToFolderLinkAction,action_move_notes
com.apple.mobilenotes.AddTagsToNotesLinkAction,action_add_tag_notes
com.apple.mobilenotes.DeleteTagsLinkAction,action_delete_tag_notes
com.apple.mobilenotes.CreateTagLinkAction,action_create_tag_notes
com.apple.mobilenotes.OpenTagLinkAction,action_open_tag_notes
com.apple.mobilenotes.RemoveTagsFromNotesLinkAction,action_remove_tag_notes
is.workflow.actions.weather.currentconditions,action_weather_currentconditions
is.workflow.actions.weather.forecast,action_weather_forecast
is.workflow.actions.properties.weather.conditions,action_weather_condition
com.apple.weather.OpenNotificationsConfigurationIntent,action_weather_notification
com.apple.weather.WeatherIntent,action_weather_weatherintent
com.apple.Passbook.OpenPassIntent,action_open_card
is.workflow.actions.openpasswords,action_openpasswords
is.workflow.actions.venmo.request,action_venmo_request
is.workflow.actions.venmo.pay,action_venmo_pay
com.apple.ShortcutsActions.SetDataRoamingAction,action_setdataroaming
com.apple.AccessibilityUtilities.AXSettingsShortcuts.AXToggleLEDFlashIntent,action_setting_flashlight
com.apple.AccessibilityUtilities.AXSettingsShortcuts.AXToggleClassicInvertIntent,action_setting_classicinvert
com.apple.AccessibilityUtilities.AXSettingsShortcuts.AXToggleColorFiltersIntent,action_setting_colorfilter
com.apple.AccessibilityUtilities.AXSettingsShortcuts.AXToggleContrastIntent,action_setting_increasecontrast
com.apple.AccessibilityUtilities.AXSettingsShortcuts.AXToggleSmartInvertIntent,action_setting_smartinvert
com.apple.AccessibilityUtilities.AXSettingsShortcuts.AXSetLargeTextIntent,action_setting_textsize
com.apple.AccessibilityUtilities.AXSettingsShortcuts.AXToggleAutoAnswerCallsIntent,action_setting_autoanswer
com.apple.AccessibilityUtilities.AXSettingsShortcuts.AXSetBackgroundSoundIntent,action_setting_backgroundsound
com.apple.Preferences.DeveloperSettingsDeepLink,action_setting_develpersetting
com.apple.AccessibilityUtilities.AXSettingsShortcuts.AXStartMagnifierIntent,action_setting_magnifier
com.apple.Preferences.OpenSoundsAndHapticsDeepLinks,action_setting_opens
com.apple.AccessibilityUtilities.AXSettingsShortcuts.AXToggleAssistiveTouchIntent,action_setting_assistivetouch
com.apple.AccessibilityUtilities.AXSettingsShortcuts.AXToggleAudioDescriptionsIntent,action_setting_audiodescription
com.apple.AccessibilityUtilities.AXSettingsShortcuts.AXSetBackgroundSoundVolumeIntent,action_setting_backgroundsounds
com.apple.AccessibilityUtilities.AXSettingsShortcuts.AXSetLeftRightBalanceIntent,action_setting_leftrightbalance
com.apple.AccessibilityUtilities.AXSettingsShortcuts.AXToggleCaptionsIntent,action_setting_captionssdh
is.workflow.actions.format.number,action_format_number
is.workflow.actions.detect.number,action_detect_number
is.workflow.actions.math,action_math
is.workflow.actions.calculateexpression,action_calculateexpression
com.apple.mobilephone.call,action_call
net.whatsapp.WhatsApp.send,action_whatsapp_send
net.whatsapp.WhatsApp.openin,action_whatsapp_openin
is.workflow.actions.addnewreminder,action_addnewreminder
com.apple.reminders.TTRCreateListAppIntent,action_create_remainderlist
is.workflow.actions.setters.reminders,action_setters_reminders
is.workflow.actions.filter.reminders,action_filter_reminders
is.workflow.actions.properties.reminders,action_properties_reminders
is.workflow.actions.getupcomingreminders,action_getupcomingreminders
is.workflow.actions.reminders.showlist,action_reminders_showlist
com.apple.reminders.TTROpenSmartListAppIntent,action_open_smartlist
is.workflow.actions.removereminders,action_removereminders
com.apple.reminders.TTRSearchRemindersAppIntent,action_search_inreminder
com.alexhay.ToolboxProForShortcuts.AverageColourIntent,action_external_app
com.alexhay.ToolboxProForShortcuts.CreateMatteIntent,action_external_app
com.apple.VoiceMemos.RecordVoiceMemoIntent,action_create_recording
is.workflow.actions.sirikit.donation.handle,action_create_recording
com.apple.VoiceMemos.PlaybackVoiceMemoIntent,action_play_recording
com.apple.VoiceMemos.ChangeRecordingPlaybackSetting,action_change_setting_recording
com.apple.VoiceMemos.SelectRecording,action_select_recording
com.apple.VoiceMemos.StopRecording,action_stop_recording
com.apple.VoiceMemos.DeleteRecording,action_delete_recording
is.workflow.actions.selectcontacts,action_selectcontacts
is.workflow.actions.selectphone,action_selectphone
is.workflow.actions.contacts,action_contacts
is.workflow.actions.filter.contacts,action_filter_contacts
is.workflow.actions.detect.phonenumber,action_detect_phonenumber
com.burbn.instagram.openin,action_external_app
is.workflow.actions.tweet,action_external_app
com.google.chrome.ios.OpenInChromeIntent,action_external_app
is.workflow.actions.shazamMedia,action_external_app
com.apple.TVRemoteUIService.LaunchApplicationIntent,action_external_app
com.apple.TVRemoteUIService.LaunchRemoteIntent,action_external_app
is.workflow.actions.alarm.create,action_create_alarm
is.workflow.actions.alarm.toggle,action_toggle_turn_alarm
com.openai.chat.AskIntent,action_external_app
is.workflow.actions.detect.contacts,action_detect_contacts
is.workflow.actions.getarticle,action_getarticle
com.rivian.ios.consumer.OpenFrunkIntent,action_external_app
com.apple.mobilesafari.CloseTab,action_safari_closetab
com.apple.TVRemoteUIService.WakeAppleTVIntent,action_external_app
com.apple.TVRemoteUIService.SleepAppleTVIntent,action_external_app
com.rivian.ios.consumer.CloseFrunkIntent,action_external_app
is.workflow.actions.openworkflow,action_openworkflow
is.workflow.actions.photos.createalbum,action_photo_createalbum
is.workflow.actions.gettypeaction,action_gettypeaction
com.sindresorhus.Actions.IsReachableIntent,action_external_app
com.google.chrome.ios.openurl,action_external_app
com.alexhay.ToolboxProForShortcuts.CropIntent,action_external_app
dk.simonbs.Scriptable.RunScriptInlineIntent,action_external_app
is.workflow.actions.properties.contacts,action_properties_contacts
is.workflow.actions.pocket.add,action_external_app
is.workflow.actions.folder,action_file
is.workflow.actions.phonenumber,action_phonenumber
is.workflow.actions.postonfacebook,action_external_app
is.workflow.actions.imgur.upload,action_external_app
com.microsoft.msedge.OpenInChromeIntent,action_external_app
com.apple.Pages.TSADocumentOpenIntent,action_external_app
com.apple.TVRemoteUIService.PauseContentIntent,action_external_app
com.apple.TVRemoteUIService.SkipContentIntent,action_external_app
com.apple.TVRemoteUIService.LaunchScreenSaverIntent,action_external_app
com.apple.TVRemoteUIService.SwitchUserAccountIntent,action_external_app
com.apple.TVRemoteUIService.ToggleSystemAppearanceIntent,action_external_app
com.apple.TVRemoteUIService.ToggleCaptionsIntent,action_external_app
com.apple.TVRemoteUIService.ReduceLoudSoundsIntent,action_external_app
is.workflow.actions.searchitunes,action_searchitunes
is.workflow.actions.properties.itunesstore,action_properties_itunes
is.workflow.actions.showinstore,action_showinstore
com.apple.shortcuts.SearchShortcutsAction,action_search_shortcut
com.alexhay.ToolboxProForShortcuts.TrimTextIntent,action_external_app
com.alexhay.ToolboxProForShortcuts.InternetConnectionIntent,action_external_app
com.alexhay.ToolboxProForShortcuts.IsVPNConnectedIntent,action_external_app
com.alexhay.ToolboxProForShortcuts.DeviceStorageIntent,action_external_app
com.alexhay.ToolboxProForShortcuts.CheckIfInstalledIntent,action_external_app
com.alexhay.ToolboxProForShortcuts.SortListIntent,action_external_app
com.alexhay.ToolboxProForShortcuts.ViewMapIntent,action_external_app
com.alexhay.ToolboxProForShortcuts.DeviceDetailsIntent,action_external_app
com.alexhay.ToolboxProForShortcuts.PerformCalculationIntent,action_external_app
com.alexhay.ToolboxProForShortcuts.DeviceLanguageIntent,action_external_app
com.alexhay.ToolboxProForShortcuts.BatteryStatusIntent,action_external_app
com.alexhay.ToolboxProForShortcuts.QuickLookExtendedIntent,action_external_app
com.apple.shortcuts.DeleteWorkflowAction,action_deleteworkflow
com.apple.shortcuts.CreateWorkflowAction,action_create_shortcut
is.workflow.actions.evernote.get,action_external_app
is.workflow.actions.evernote.delete,action_external_app
is.workflow.actions.evernote.append,action_external_app
com.winterowls.Night-Shift.RandomWallpaperIntent,action_external_app
com.apple.ShortcutsActions.SetSilentModeAction,action_toggle_turnsilentmode
com.apple.musicrecognition.RecognizeMusicIntent,action_recognize_music
com.brave.ios.browser.OpenWebsiteIntent,action_external_app
com.google.GoogleMobile.GoogleForQueryIntent,action_external_app
is.workflow.actions.dismisssiri,action_dismisssiri
net.shinyfrog.bear-IOS.create,action_external_app
is.workflow.actions.runapplescript,action_external_app
com.apple.DocumentsApp.SearchFile,action_searchfile
com.apple.mobilesafari.TabEntity,action_filter_tab
com.sindresorhus.Actions.IsOnlineIntent,action_external_app
com.sindresorhus.Actions.Authenticate,action_external_app
com.sindresorhus.Actions.RemoveNonPrintableCharactersIntent,action_external_app
com.sindresorhus.Actions.RemoveEmojiIntent,action_external_app
com.sindresorhus.Actions.TransformTextIntent,action_external_app
is.workflow.actions.workout.start,action_health_workout_log
is.workflow.actions.stocks.quote,action_stock_quote
com.tijo.opener.Opener.show-options,action_external_app
com.apple.iBooks.BookAppEntity,action_external_app
com.apple.AccessibilityUtilities.AXSettingsShortcuts.AXToggleZoomIntent,action_setting_zoom
com.tapbots.Tweetbot.tweet,action_external_app
com.culturedcode.ThingsTouch.addtask,action_external_app
com.sindresorhus.Actions.IsShakingDevice,action_external_app
dk.simonbs.DataJar.GetValueIntent,action_external_app
dk.simonbs.DataJar.SetValueIntent,action_external_app
com.sindresorhus.Actions.IsCellularDataOn,action_external_app
com.sindresorhus.Actions.IsBluetoothOnIntent,action_external_app
com.sindresorhus.Actions.IsConnectedToVPNIntent,action_external_app
com.sindresorhus.Actions.IsLowPowerModeIntent,action_external_app
com.sindresorhus.Actions.IsSilentModeOnIntent,action_external_app
com.sindresorhus.Actions.IsDarkModeIntent,action_external_app
com.sindresorhus.Actions.GetDeviceOrientationIntent,action_external_app
com.sindresorhus.Actions.GetActionsVersion,action_external_app
com.sindresorhus.Actions.GetBatteryStateIntent,action_external_app
com.sindresorhus.Actions.GetDeviceDetailsExtended,action_external_app
com.apple.AccessibilityUtilities.AXSettingsShortcuts.AXToggleSoundDetectionIntent,action_setting_soundrecognition
com.apple.news.TagIntent,action_external_app
com.omnigroup.OmniFocus2.iPhone.pastetaskpaper,action_external_app
com.apple.AccessibilityUtilities.AXSettingsShortcuts.AXStartGuidedAccessIntent,action_start_guidedaccess
com.apple.AccessibilityUtilities.AXSettingsShortcuts.AXToggleVoiceControlIntent,action_turn_voicecontrol
com.apple.shortcuts.ResetCellularDataStatisticsAction,action_reset_cellulardata_statistics
com.apple.AccessibilityUtilities.AXSettingsShortcuts.AXToggleLiveCaptionsIntent,action_setting_livecaption
is.workflow.actions.pocket.get,action_external_app
com.6X.LockLauncher.RefreshActivityIntent,action_external_app
com.adguard.ios.AdGuardVPN.VpnStateIntent,action_external_app
dk.simonbs.DataJar.CheckIfValueExistsIntent,action_external_app
com.apple.AccessibilityUtilities.AXSettingsShortcuts.AXToggleMonoAudioIntent,action_setting_monoaudio
is.workflow.actions.announcenotifications.set,action_setting_announcenotification
com.apple.NanoSettings.NPRFPingMyPhoneIntent,action_pingmyphone
com.apple.NanoSettings.NPRFSetFlashLightIntent,action_setflashlight
com.apple.NanoSettings.NPRFSetTheaterModeIntent,action_theatermode
com.apple.NanoSettings.NPRFSetWaterLockIntent,action_set_waterlock
com.apple.NanoSettings.NPRFSetSchoolTimeIntent,action_set_schooltime
com.todoist.ios.CreateTaskIntent,action_external_app
com.leomehlig.today.AddTaskIntent,action_external_app
com.rivian.ios.consumer.CloseLiftgateIntent,action_external_app
com.phocusllp.due.add,action_external_app
io.pushcut.Pushcut.RunShortcutIntent,action_external_app
com.apple.AccessibilityUtilities.AXSettingsShortcuts.AXToggleVoiceOverIntent,action_setting_voiceover
com.rivian.ios.consumer.UnlockDoorsIntent,action_external_app
com.microsoft.bing.OpenSydneyIntent,action_external_app
is.workflow.actions.runscene,action_health_workout_log
com.sindresorhus.Actions.BlurImages,action_external_app
com.alexhay.ToolboxProForShortcuts.AuthenticateIntent,action_external_app
is.workflow.actions.trello.add.card,action_external_app
is.workflow.actions.personalhotspot.password.set,action_personalhotspot_password_get
com.apple.iBooks.openin,action_external_app
is.workflow.actions.dropbox.open,action_external_app
is.workflow.actions.addnewcontact,action_add_new_contact
is.workflow.actions.setters.contacts,action_set_contact
com.rivian.ios.consumer.LockDoorsIntent,action_external_app
com.apple.ShortcutsActions.OpenCameraAction,action_open_camera
is.workflow.actions.trello.get,action_external_app
is.workflow.actions.properties.trello,action_external_app
com.sindresorhus.Actions.GetAudioPlaybackDestinationIntent,action_external_app
com.sindresorhus.Actions.GetAverageColorOfImage,action_external_app
com.sindresorhus.Actions.CreateColorImageIntent,action_external_app
company.thebrowser.ArcMobile2.SearchIntent,action_external_app
com.apple.Keynote.KNDocumentPlayIntent,action_external_app
com.alexhay.ToolboxProForShortcuts.GetWorkoutsIntent,action_external_app
com.rivian.ios.consumer.OpenLiftgateIntent,action_external_app
is.workflow.actions.todoist.add,action_external_app
com.apple.AccessibilityUtilities.AXSettingsShortcuts.AXToggleBackgroundSoundsIntent,action_setting_setbackgroundsound
is.workflow.actions.text.trimwhitespace,action_trim
com.apple.AppStore.PageNavigationIntent,action_decayed_action
com.apple.Home.ToggleIntent,action_decayed_action
com.apple.Passbook.DeletePassIntent,action_decayed_action
com.apple.Passbook.AppleCardBillPayIntent,action_decayed_action
com.apple.ShortcutsActions.SetVoiceDataModeAction,action_set_voice_data_mode
com.apple.ShortcutsActions.ToggleCellularPlanAction,action_toggle_cellular_plan
com.alexhay.ToolboxProForShortcuts.GlobalVariablesIntent,action_external_app
com.sindresorhus.Actions.IsDeviceLocked,action_external_app
com.sindresorhus.Actions.WriteTextIntent,action_external_app
com.apple.shortcuts.OpenWorkflowAction,action_openworkflow
AsheKube.app.a-Shell.ExecuteCommandIntent,action_external_app
com.apple.AccessibilityUtilities.AXSettingsShortcuts.AXSetSoundDetectorIntent,action_setting_recognized_sound
com.sindresorhus.Actions.WaitMilliseconds,action_external_app
com.sindresorhus.Actions.IsAudioPlayingIntent,action_external_app
com.apple.DocumentsApp.ScanDocument,action_scan_doc
com.sindresorhus.Actions.ScanDocumentsIntent,action_external_app
com.sindresorhus.Actions.GetEmojisIntent,action_external_app
com.sindresorhus.Actions.SetUniformTypeIdentifier,action_external_app
com.sindresorhus.Actions.GetUniformTypeIdentifierIntent,action_external_app
com.apple.shortcuts.AddShortcutToHomeScreenAction,action_add_workflow_to_screen
com.omnigroup.OmniFocus3.iOS.AddTaskIntent,action_external_app
AsheKube.app.a-Shell-mini.PutFileIntent,action_external_app
AsheKube.app.a-Shell-mini.ExecuteCommandIntent,action_external_app
AsheKube.app.a-Shell-mini.GetFileIntent,action_external_app
com.apple.Numbers.TNiOSAddValuesToFormIntent,action_external_app
com.brogrammers.charty.AddCustomThemeIntent,action_external_app
dk.simonbs.DataJar.InsertValueInArrayIntent,action_external_app
com.alexhay.ToolboxProForShortcuts.HomeIntent,action_external_app
com.bloombuilt.dayone-ios.FindEntriesIntent,action_external_app
com.bloombuilt.dayone-ios.AppendToEntryIntent,action_external_app
is.workflow.actions.dropbox.savefile,action_external_app
com.flexibits.fantastical2.addevent,action_external_app
net.shinyfrog.bear-IOS.add,action_external_app
is.workflow.actions.instapaper.add,action_external_app
ai.perplexity.app.QueryPerplexity,action_external_app
com.apple.Numbers.TNiOSAddValuesToSpreadsheetIntent,action_external_app
dk.simonbs.DataJar.GetKeysIntent,action_external_app
dk.simonbs.DataJar.ViewValueIntent,action_external_app
dk.simonbs.DataJar.GetTypeOfValueIntent,action_external_app
com.alexhay.ToolboxProForShortcuts.QuickMenu2Intent,action_external_app
com.bloombuilt.dayone-ios.CreateEntryIntent,action_external_app
com.sindresorhus.Actions.CreateMenuItem,action_external_app
is.workflow.actions.evernote.new,action_external_app
com.apple.clock.DeleteAlarmIntent,action_delete_alarm
com.alexhay.ToolboxProForShortcuts.ReverseListIntent,action_external_app
com.alexhay.ToolboxProForShortcuts.IsPremiumUnlockedIntent,action_external_app
com.alexhay.ToolboxProForShortcuts.AddToListIntent,action_external_app
ke.bou.WidgetPack.ImageFileIntent,action_external_app
ke.bou.WidgetPack.ModifierClipShapeIntent,action_external_app
ke.bou.WidgetPack.ModifierScaledToFitIntent,action_external_app
ke.bou.WidgetPack.ZStackIntent,action_external_app
ke.bou.WidgetPack.UpdateWidgetIntent,action_external_app
com.alipay.iphoneclient.StartScanIntent,action_external_app
com.alipay.iphoneclient.StartPayIntent,action_external_app
is.workflow.actions.getclassaction,action_get_object_ofclass
com.juniperphoton.MyerList.AddReminderAppIntent,action_external_app
com.juniperphoton.MyerList.EndLiveActivityIntent,action_external_app
app.surfed.app.OpenURLIntent,action_external_app
com.bloombuilt.dayone-mac.CreateEntryIntent,action_external_app
com.sindresorhus.Actions.GlobalVariableSetNumber,action_external_app
com.sindresorhus.Actions.GlobalVariableGetNumber,action_external_app
com.sindresorhus.Actions.GetIndexOfListItem,action_external_app
com.sindresorhus.Actions.HideShortcutsAppIntent,action_external_app
com.sindresorhus.Actions.PrettyPrintDictionariesIntent,action_external_app
com.sindresorhus.Actions.AddToListIntent,action_external_app
dk.simonbs.DataJar.DeleteValueIntent,action_external_app
com.sindresorhus.Actions.DateToUnixTimeIntent,action_external_app
com.sindresorhus.Actions.RemoveDuplicatesFromListIntent,action_external_app
dk.simonbs.DataJar.GetChildCountIntent,action_external_app
com.sindresorhus.Actions.FilterListIntent,action_external_app
ke.bou.WidgetPack.ColorIntent,action_external_app
ke.bou.WidgetPack.VerbatimTextIntent,action_external_app
ke.bou.WidgetPack.ModifierFontIntent,action_external_app
ke.bou.WidgetPack.HorizontalStackIntent,action_external_app
ke.bou.WidgetPack.ModifierFixedFrameIntent,action_external_app
ke.bou.WidgetPack.SpacerIntent,action_external_app
ke.bou.WidgetPack.FontIntent,action_external_app
ke.bou.WidgetPack.ModifierPaddingIntent,action_external_app
ke.bou.WidgetPack.LinkIntent,action_external_app
ke.bou.WidgetPack.VerticalStackIntent,action_external_app
ke.bou.WidgetPack.ModifierBackgroundIntent,action_external_app
ke.bou.WidgetPack.PreviewWidgetIntent,action_external_app
com.alexhay.ToolboxProForShortcuts.CreateMenuIntent,action_external_app
com.alexhay.ToolboxProForShortcuts.HapticFeedbackIntent,action_external_app
com.apple.NanoSettings.NPRFSetAlwaysOnIntent,action_external_app
com.apple.NanoSettings.NPRFSetSilentModeIntent,action_external_app
com.apple.PBBridgeSupport.BridgeIntents.COSSetGizmoFaceIntent,action_external_app
DesignTech-SIA.Spendit.AI_AddTransactionIntent,action_external_app
DesignTech-SIA.Spendit.AI_ViewAccountIntent,action_external_app
com.sindresorhus.Actions.GetUnsplashImageIntent,action_external_app
com.alexhay.ToolboxProForShortcuts.BlurImagesIntent,action_external_app
com.google.chrome.ios.OpenInChromeIncognitoIntent,action_external_app
com.apple.news.TodayIntent,action_external_app
com.alexhay.ToolboxProForShortcuts.IsAudioPlayingIntent,action_external_app
com.alexhay.ToolboxProForShortcuts.CheckForUpdatesIntent,action_external_app
com.alexhay.ToolboxProForShortcuts.ShowNotificationIntent,action_external_app
is.workflow.actions.properties.workflow,action_properties_appstore
is.workflow.actions.runjavascriptforautomation,action_decayed_action
com.alexhay.ToolboxProForShortcuts.CheckGVIntent,action_external_app
com.alexhay.ToolboxProForShortcuts.GetReminderListsIntent,action_external_app
com.alexhay.ToolboxProForShortcuts.GetReminderIDIntent,action_external_app
com.alexhay.ToolboxProForShortcuts.EditReminderIntent,action_external_app
maccatalyst.com.Christopher-Hannah.Text-Case.TextCaseIntent,action_external_app
com.alexhay.ToolboxProForShortcuts.CreateIconIntent,action_external_app
net.shinyfrog.bear-IOS.open,action_external_app
net.shinyfrog.bear-IOS.contents,action_external_app
ke.bou.GizmoPack.UniversalVariablesIntent,action_external_app
com.alexhay.ToolboxProForShortcuts.ScanDocumentIntent,action_external_app
io.pushcut.Pushcut.ShowNotificationIntent,action_external_app
com.culturedcode.ThingsiPad.TAIItemEntity,action_external_app
com.culturedcode.ThingsiPad.TAIEditItems,action_external_app
com.culturedcode.ThingsiPad.TAIAddTodo2,action_external_app
com.sindresorhus.Actions.RandomTextIntent,action_external_app
com.alexhay.ToolboxProForShortcuts.CreateTextImageIntent,action_external_app
com.sindresorhus.Actions.FormatDurationIntent,action_external_app
com.apple.shortcuts.CreateShortcutiCloudLinkAction,action_create_icloudlink
com.brogrammers.charty.NewChartIntent,action_external_app
com.brogrammers.charty.AddSeriesToChartIntent,action_external_app
com.brogrammers.charty.CopyChartToClipboardIntent,action_external_app
org.fastdevsproject.altervista.Device-Monitor.RAMCleanIntent,action_external_app
com.alexhay.ToolboxProForShortcuts.EditFolderBookmarksIntent,action_external_app
com.alexhay.ToolboxProForShortcuts.ListContentsOfBookmarkedFolderIntent,action_external_app
com.alexhay.ToolboxProForShortcuts.EditBookmarkedFileIntent,action_external_app
com.sindresorhus.Actions.GenerateCSVIntent,action_external_app
com.alexhay.ToolboxProForShortcuts.SaveFilesToBookmarkedFoldersIntent,action_external_app
com.sindresorhus.Actions.RemoveEmptyLinesIntent,action_external_app
app.shortcutify.Shortcutify.SpotifyPlayPauseIntent,action_external_app
com.sindresorhus.Actions.GlobalVariableGetText,action_external_app
com.sindresorhus.Actions.GlobalVariableSetText,action_external_app
com.sindresorhus.Actions.RemoveFromListIntent,action_external_app
com.sindresorhus.Actions.ScanQRCodesInImageIntent,action_external_app
com.agiletortoise.Drafts5.QueryDraftsIntent,action_external_app
com.agiletortoise.Drafts5.GetDraftIntent,action_external_app
com.agiletortoise.Drafts5.RunActionIntent,action_external_app
com.omz-software.Pythonista3.PA3RunScriptIntent,action_external_app
com.atow.LaunchCuts.GetFoldersIntent,action_external_app
com.atow.LaunchCuts.GetFolderIntent,action_external_app
com.culturedcode.ThingsiPhone.TAIAddTodo2,action_external_app
is.workflow.actions.silenceunknowncallers.set,action_slientcaller
com.TickTick.task.TTAddTaskToCalendarIntent,action_external_app
com.agiletortoise.Drafts5.CaptureIntent,action_external_app
com.agiletortoise.Drafts-OSX.CaptureIntent,action_external_app
com.google.OPA.OPAAskGoogleIntent,action_external_app
com.grailr.CARROTweather.CurrentForecastIntent,action_external_app
com.alexhay.ToolboxProForShortcuts.BookmarkFolderIntent,action_external_app
com.alexhay.ToolboxProForShortcuts.RemoveItemsFromListIntent,action_external_app
com.sindresorhus.Actions.SetFileCreationModificationDateIntent,action_external_app
com.alexhay.ToolboxProForShortcuts.GetCalendarsIntent,action_external_app
com.alexhay.ToolboxProForShortcuts.CreateCalendarIntent,action_external_app
com.alexhay.ToolboxProForShortcuts.GetAudioIntent,action_external_app
com.alexhay.ToolboxProForShortcuts.GetEventIDIntent,action_external_app
com.alexhay.ToolboxProForShortcuts.EditEventIntent,action_external_app
com.sindresorhus.Actions.RandomDateTimeIntent,action_external_app
com.flexibits.fantastical2.iphone.FKRCreateFromInputIntent,action_external_app
com.culturedcode.ThingsiPad.TAIDeleteItems,action_external_app
com.alexhay.Console.LogMessageIntent,action_external_app
com.iconfactory.TotMobile.QueryDotIntent,action_external_app
com.iconfactory.TotMobile.SetDotIntent,action_external_app
com.sindresorhus.Actions.AskForText,action_external_app
org.joinmastodon.app.SendPostIntent,action_external_app
is.workflow.actions.dropbox.appendfile,action_external_app
com.google.chrome.ios.SearchInChromeIntent,action_external_app
com.zlineman.Jellyfish.ImportShortcutIntent,action_external_app
com.apple.mobilesafari.CreateNewPrivateTab,action_create_private_tab
com.feelthemusi.musi.MPlayMyFavoritesIntent,action_external_app
com.feelthemusi.musi.MSearchIntent,action_external_app
com.apple.ShortcutsActions.CellularPlanEntity,action_filter_cellular
com.apple.ShortcutsActions.SetDefaultCellularPlanAction,action_set_default_cellular
is.workflow.actions.getparentdirectory,action_decayed_action
com.brogrammers.charty.GetInfoAllChartsIntent,action_external_app
com.brogrammers.charty.DeleteChartIntent,action_external_app
com.brogrammers.charty.NewChartWithSeriesIntent,action_external_app
com.brogrammers.charty.StyleAxisIntent,action_external_app
com.brogrammers.charty.AddMovingAverageIntent,action_external_app
com.sindresorhus.Actions.TrimWhitespaceIntent,action_external_app
com.sindresorhus.Actions.ParseCSVIntent,action_external_app
com.sindresorhus.Actions.ReverseListIntent,action_external_app
com.brogrammers.charty.StyleLineSeriesIntent,action_external_app
is.workflow.actions.safari.geturl,action_decayed_action
com.apple.mobileslideshow.OpenCollectionIntent,action_external_app
com.alexhay.ToolboxProForShortcuts.GenerateUUIDIntent,action_external_app
com.omz-software.Pythonista.runscript,action_external_app
com.alexhay.ToolboxProForShortcuts.ConvertCurrencyIntent,action_external_app
com.brogrammers.charty.StyleChartIntent,action_external_app
com.brogrammers.charty.StyleScatterSeriesIntent,action_external_app
com.brogrammers.charty.GroupDataIntent,action_external_app
com.brogrammers.charty.ExportChartAsImageIntent,action_external_app
com.brogrammers.charty.UpdateWidgetsIntent,action_external_app
com.dayonelog.dayoneiphone.post,action_external_app
com.tantsissa.AutoSleep.ReadinessIntent,action_external_app
com.xvision.datamannext.ShowUsageIntent,action_external_app
com.fifteenjugglers.solarwatch.ComputeSolarEventTimeIntent,action_external_app
ch.marcela.ada.LibTerm.RunCommandIntent,action_external_app
com.sindresorhus.Actions.GlobalVariableDelete,action_external_app
com.sindresorhus.Actions.TranscribeAudioIntent,action_external_app
com.apple.shortcuts.TranscribeAudioAction,action_transcribe_audio
com.alexhay.ToolboxProForShortcuts.RecogniseSpeechIntent,action_external_app
com.apple.Numbers.TNiOSOpenAnyDocumentIntent,action_external_app
com.iconfactory.Tot.QueryDotIntent,action_external_app
com.iconfactory.Tot.AddToDotIntent,action_external_app
com.iconfactory.TotMobile.GetDotIntent,action_external_app
com.agiletortoise.Drafts5.OpenDraftIntent,action_external_app
com.iconfactory.Tot.ShowDotIntent,action_external_app
com.alexhay.ToolboxProForShortcuts.GetPhotoAlbumsIntent,action_external_app
com.alexhay.ToolboxProForShortcuts.AddPhotoAlbumIntent,action_external_app
AsheKube.app.a-Shell.PutFileIntent,action_external_app
AsheKube.app.a-Shell.GetFileIntent,action_external_app
com.google.GoogleMobile.SearchImageWithLensIntent,action_external_app
com.alexhay.ToolboxProForShortcuts.CalculateWithSoulverIntent,action_external_app
com.agiletortoise.Drafts5.QueryWorkspaceIntent,action_external_app
co.supertop.Castro-2.GetNowPlayingEpisodeDetailsIntent,action_external_app
com.alexhay.ToolboxProForShortcuts.GetFilesFromBookmarkedFolderIntent,action_external_app
com.alexhay.ToolboxProForShortcuts.DeleteFilesInBookmarkedFolderIntent,action_external_app
dk.simonbs.Jayson.ViewJSONIntent,action_external_app
dk.simonbs.Jayson.GetFileIntent,action_external_app
com.apple.Notes.CreateFolderLinkAction,action_external_app
com.alexhay.ToolboxProForShortcuts.DeleteFromDictionaryIntent,action_external_app
com.brogrammers.charty.AddAverageIntent,action_external_app
com.brogrammers.charty.StyleBarSeriesIntent,action_external_app
com.apple.mobilesafari.ReadingListItemEntity,action_filter_readinglist_item
dk.simonbs.Scriptable.RefreshAllWidgetsIntent,action_external_app
is.workflow.actions.cloudapp.upload,action_external_app
com.alexhay.ToolboxProForShortcuts.TagFilesIntent,action_external_app
com.alexhay.ToolboxProForShortcuts.GenerateThumbnailsIntent,action_external_app
com.alexhay.ToolboxProForShortcuts.GetFileURLIntent,action_external_app
com.culturedcode.ThingsMac.TAIItemEntity,action_external_app
com.culturedcode.ThingsMac.TAIAddTodo2,action_external_app
com.sindresorhus.Actions.GetFileIconIntent,action_external_app
com.alexhay.ToolboxProForShortcuts.SearchForEmojiIntent,action_external_app
com.appliedphasor.working-copy.WriteFileIntent,action_external_app
com.appliedphasor.working-copy.CommitRepositoryIntent,action_external_app
com.appliedphasor.working-copy.PushRepositoryIntent,action_external_app
com.sindresorhus.Actions.GetTitleOfURLIntent,action_external_app
com.Christopher-Hannah.Text-Case.ReplaceIntent,action_external_app
com.minimasoftware.TimerPlus.StartQuickTimerIntent,action_external_app
com.apple.NanoSettings.NPRFSetWakeOnWristRaiseIntent,action_external_app
com.apple.NanoSettings.NPRFSetAutoLaunchAudioAppsIntent,action_external_app
com.apple.PBBridgeSupport.BridgeIntents.COSListGizmoFacesIntent,action_external_app
com.apple.PBBridgeSupport.BridgeIntents.COSGetCurrentGizmoFaceIntent,action_external_app
com.apple.AccessibilityUtilities.AXSettingsShortcuts.AXStartRemoteWatchScreenIntent,action_external_app
net.shinyfrog.bear-IOS.grab,action_external_app
com.ngocluu.goodlinks.GetCurrentLink,action_external_app
com.ngocluu.goodlinks.AddLinkIntent,action_external_app
com.ngocluu.goodlinks.GetCurrentSelection,action_external_app
com.ngocluu.goodlinks.LinkEntity,action_external_app
com.ngocluu.goodlinks.OpenLinkIntent,action_external_app
me.damir.dropover-mac.AddToShelfIntent,action_external_app
is.workflow.actions.file.reveal,action_decayed_action
app.cyan.taio.SaveClippingIntent,action_external_app
is.workflow.actions.properties.note,action_properties_images
is.workflow.actions.properties.shazam,action_properties_images
dk.simonbs.Jayson.PrettifyJSONIntent,action_external_app
com.elgato.eve.EVEMyCamerasIntent,action_external_app
com.anthopak.SmartLightsController.GetCurrentRoomsIntent,action_external_app
br.com.marcosatanaka.play.GetVideoIntent,action_external_app
com.Christopher-Hannah.Text-Case.TextCaseIntent,action_external_app
com.sindresorhus.Actions.ParseJSON5Intent,action_external_app
com.sindresorhus.Actions.SymbolImageIntent,action_external_app
is.workflow.actions.properties.itunesartist,action_properties_images
com.alexhay.ToolboxProForShortcuts.QuickMenuIntent,action_external_app
com.alexhay.ToolboxProForShortcuts.GetMenuItemIntent,action_external_app
com.alexhay.ToolboxProForShortcuts.GetTextFromImageIntent,action_external_app
net.shinyfrog.bear-iOS.SFSearchNotesIntent,action_external_app
net.shinyfrog.bear-iOS.SFAddToNoteIntent,action_external_app
net.shinyfrog.bear-iOS.SFCreateNoteIntent,action_external_app
com.alexhay.ToolboxProForShortcuts.GetMovieDetailsIntent,action_external_app
com.alexhay.ToolboxProForShortcuts.DetectFacesIntent,action_external_app
com.alexhay.ToolboxProForShortcuts.RecogniseObjectsInImageIntent,action_external_app
com.alexhay.ToolboxProForShortcuts.RemoveEmojiIntent,action_external_app
com.obdura.playlistimport.MakePlaylistFromURLIntent,action_external_app
com.obdura.playlistimport.AllImportsFinishedIntent,action_external_app
com.apple.Notes.DeleteNotesLinkAction,action_external_app
com.agiletortoise.Drafts-OSX.OpenDraftIntent,action_external_app
com.alexhay.ToolboxProForShortcuts.CreateRemindersListIntent,action_external_app
com.alexhay.ToolboxProForShortcuts.CreateReminderIntent,action_external_app
dk.simonbs.Scriptable.ParameterizedRunScriptIntent,action_external_app
com.pvieito.HomeBot.HomeBotGetHomeItemsIntent,action_external_app
com.pvieito.HomeBot.HomeBotRunHomeActionIntent,action_external_app
com.starbucks.mystarbucks.SBAOrderItemIntent,action_external_app
com.alexhay.ToolboxPro2.GenerateTextIntent,action_external_app
com.overdesigned.Cheatsheet.CSAddCheatIntent,action_external_app
com.zlineman.Jellyfish.ImportObjectsIntent,action_external_app
com.zlineman.Jellyfish.GrabJellycutIntent,action_external_app
com.7Z88K9GUU8.com.rileytestut.AltStore.RefreshAllIntent,action_external_app
com.openplanetsoftware.Just-Press-Record-for-iOS.StartRecordingIntent,action_external_app
com.bloombuilt.dayone-ios.ShowEntriesIntent,action_external_app
ke.bou.WidgetPack.TextIntent,action_external_app
ke.bou.WidgetPack.ImageIntent,action_external_app
ke.bou.WidgetPack.StackIntent,action_external_app
com.LennartBusch.Milage.TimeStampsIntent,action_external_app
com.LennartBusch.Milage.TripLastDistanceIntent,action_external_app
com.sindresorhus.One-Thing.SetTextIntent,action_external_app
is.workflow.actions.lightroom.import,action_external_app
com.agiletortoise.Drafts-OSX.QueryDraftsIntent,action_external_app
com.alexhay.ToolboxProForShortcuts.FilterListIntent,action_external_app
com.alexhay.ToolboxProForShortcuts.RemoveDuplicatesIntent,action_external_app
com.sindresorhus.Aiko.TranscribeAudioIntent,action_external_app
com.culturedcode.ThingsiPhone.TAIItemEntity,action_external_app
com.culturedcode.ThingsiPhone.TAIShowItems2,action_external_app
com.alexhay.ToolboxProForShortcuts.SwitchCaseIntent,action_external_app
com.sindresorhus.Lock-Screen-One.SetTextIntent,action_external_app
com.rafaelsoh.dime.NewTransactionIntent,action_external_app
com.alexhay.Console.StartLoggingIntent,action_external_app
com.alexhay.Console.OutputMessagesIntent,action_external_app
com.alexhay.Console.ClearMessagesIntent,action_external_app
com.alexhay.Console.LogItemsIntent,action_external_app
in.muditbhargava.LookUp.FindCollectedWordsIntent,action_external_app
com.apple.mobilesafari.BookmarkEntity,action_bookmark_safari
ke.bou.GizmoPack.SnapshotMapIntent,action_external_app
com.iconfactory.TotMobile.AddToDotIntent,action_external_app
dk.simonbs.Retoot.CreateQuoteIntent,action_external_app
com.sindresorhus.Actions.RandomColorIntent,action_external_app
com.sindresorhus.Actions.OverwriteFile,action_external_app
net.shinyfrog.bear-IOS.search,action_external_app
com.culturedcode.ThingsiPhone.TAIEditItems,action_external_app
com.alexhay.ToolboxProForShortcuts.SmartMenuIntent,action_external_app
ke.bou.WidgetPack.ModifierRelativeFrameIntent,action_external_app
com.alexhay.MenuBox.ChooseMenuSetIntent,action_external_app
is.workflow.actions.quit.app,action_decayed_action
is.workflow.actions.startscreensaver,action_decayed_action
com.apple.mobilesafari.CreateNewTab,action_create_newtab
com.apple.mobilesafari.CreateNewTabGroup,action_create_new_tab_group
com.apple.mobilesafari.TabGroupEntity,action_filter_tabgroup
com.apple.mobilesafari.OpenTabGroup,action_open_tabgroup
com.apple.mobilesafari.OpenTab,action_opentab_safari
com.apple.mobilesafari.OpenBookmark,action_open_bookmark
in.muditbhargava.LookUp.ClipboardSearchIntent,action_external_app
com.sindresorhus.Actions.Boolean,action_external_app
com.sindresorhus.Actions.IsAccessibilityFeatureOn,action_external_app
com.microsoft.bing.OpenRewardsIntent,action_external_app
com.alexhay.ToolboxProForShortcuts.FindMoviesIntent,action_external_app
com.alexhay.ToolboxProForShortcuts.FindMovies2Intent,action_external_app
com.alexhay.ToolboxProForShortcuts.GetMovieDetails2Intent,action_external_app
com.sindresorhus.Actions.CalculateWithSoulver,action_external_app
com.sindresorhus.Actions.MusicPlaylist_AppEntity,action_external_app
br.com.marcosatanaka.musicbox.GetMusicIntent,action_external_app
br.com.marcosatanaka.music-harbor.ArtistAppEntity,action_external_app
com.skype.skype.call,action_external_app
com.appliedphasor.working-copy.CloneRepositoryIntent,action_external_app
com.sindresorhus.Actions.Authenticate2,action_external_app
com.alexhay.ToolboxProForShortcuts.GetLocationFromCoordsIntent,action_external_app
co.bergen.Darkroom.HSLExportWithDarkroomIntent,action_external_app
com.omnigroup.OmniFocus3.iOS.AddTaskPaperIntent,action_external_app
ke.bou.WidgetPack.SetPropertyIntent,action_external_app
ke.bou.WidgetPack.GradientIntent,action_external_app
com.alexhay.ToolboxProForShortcuts.ScanNFCIntent,action_external_app
com.alexhay.ToolboxProForShortcuts.GetTextFromImagesIAIHIntent,action_external_app
nl.jeffreykuiken.NoirApp.SetEnabledForSiteIntent,action_external_app
nl.jeffreykuiken.NoirApp.SetImageDimmingForSiteIntent,action_external_app
com.alexhay.nautomate.ChooseIntegrationIntent,action_external_app
com.alexhay.nautomate.FindPagesIntent,action_external_app
com.alexhay.nautomate.GetTextFromPageIntent,action_external_app
ke.bou.WidgetPack.ModifierScaledToFillIntent,action_external_app
com.omnigroup.OmniFocus4.AddTaskIntent,action_external_app
com.apple.iBooks.SearchBooksIntent,action_external_app
com.omnigroup.OmniFocus4.FindProjectsIntent,action_external_app
com.omnigroup.OmniFocus4.ShowFromChoiceIntent,action_external_app
com.omnigroup.OmniFocus4.AddTaskPaperIntent,action_external_app
com.omnigroup.OmniFocus3.iOS.FindProjectsIntent,action_external_app
com.omnigroup.OmniFocus3.iOS.ShowFromChoiceIntent,action_external_app
com.apple.Numbers.TSADocumentOpenIntent,action_external_app
fm.overcast.overcast.OCCurrentEpisodeInfoIntent,action_external_app
com.culturedcode.ThingsiPad.TINAddTodoIntent,action_external_app
com.wiheads.paste.GetItemAtIndexIntent,action_external_app
com.alexhay.ToolboxProForShortcuts.ResizeImageExtendedIntent,action_external_app
com.alexhay.ToolboxProForShortcuts.FilterImageIntent,action_external_app
is.workflow.actions.wordpress.post,action_external_app
is.workflow.actions.trello.add.list,action_external_app
is.workflow.actions.trello.add.board,action_external_app
com.sindresorhus.Actions.FormatDateDifferenceIntent,action_external_app
com.agiletortoise.Drafts5.SetDraftIntent,action_external_app
fm.overcast.overcast.OCPlayIntent,action_external_app
com.omnigroup.OmniFocus3.iOS.FindTasksIntent,action_external_app
is.workflow.actions.tumblr.post,action_external_app
com.alexhay.ToolboxProForShortcuts.GetTBPToolsIntent,action_external_app
com.appliedphasor.working-copy.PullRepositoryIntent,action_external_app
com.sindresorhus.Actions.GetFilePathIntent,action_external_app
ch.marcela.ada.Pyto.RunCodeIntent,action_external_app
ke.bou.WidgetPack.ModifierForegroundColorIntent,action_external_app
com.getcardpointers.app.ShortcutsOfferEntity,action_external_app
com.alexhay.ToolboxProForShortcuts.PrettyPrintIntent,action_external_app
is.workflow.actions.filter.windows,action_decayed_action
is.workflow.actions.resizewindow,action_decayed_action
net.shinyfrog.bear.SFCreateNoteIntent,action_external_app
net.shinyfrog.bear-iOS.SFAddTagsToNoteIntent,action_external_app
com.sindresorhus.Actions.GetUserDetailsIntent,action_external_app
com.meal.plan.ios.GetRecipeFromURLIntent,action_external_app
com.orange.telephone.IdentifyPhoneNumber,action_external_app
com.culturedcode.ThingsiPhone.TINAddTodoIntent,action_external_app
com.sindresorhus.Actions.GetRunningAppsIntent,action_external_app
com.sindresorhus.Actions.SortListIntent,action_external_app
com.agiletortoise.Drafts4.addto,action_external_app
com.alexhay.ToolboxProForShortcuts.FindArtistsIntent,action_external_app
com.alexhay.ToolboxProForShortcuts.FindAlbumsIntent,action_external_app
com.apple.iBooks.BookReaderNavigatePagesIntent,action_external_app
com.alexhay.ToolboxProForShortcuts.FindTvShowsIntent,action_external_app
com.alexhay.ToolboxProForShortcuts.GetTvShowDetailsIntent,action_external_app
is.workflow.actions.display.always-on.set,action_decayed_action
com.alexhay.ToolboxProForShortcuts.BookmarkFileIntent,action_external_app
com.alexhay.ToolboxProForShortcuts.EditPendingNotificationsIntent,action_external_app
com.microsoft.to-do.WLAddTaskIntent,action_external_app
ke.bou.WidgetPack.SFSymbolIntent,action_external_app
com.alexhay.ToolboxProForShortcuts.QuickMatchTextIntent,action_external_app
com.sindresorhus.Actions.IsDeviceOrientationIntent,action_external_app
com.apple.mobilesafari.OpenView,action_open_safariview
com.alexhay.ToolboxProForShortcuts.DetectFacesIAIHIntent,action_external_app
com.apple.shortcuts.OpenNavigationDestinationAction,action_decayed_action
com.omz-software.Pythonista.editscript,action_external_app
com.alexhay.ToolboxProForShortcuts.FindPexelPhotosIntent,action_external_app
com.reederapp.5.macOS.GetReadLaterIntent,action_external_app
com.reederapp.5.macOS.OpenReadLaterIntent,action_external_app
ke.bou.GizmoPack.CreateWalletPassIntent,action_external_app
com.alexhay.ToolboxProForShortcuts.GetW3WIntent,action_external_app
art.splashy.GetSplashyWallpaperIntent,action_external_app
com.sindresorhus.Actions.GetDominantColorsOfImage,action_external_app
com.sindresorhus.Actions.GenerateUUIDIntent,action_external_app
com.SideStore.SideStore.ZFY6868JV7.RefreshAllIntent,action_external_app
com.SideStore.SideStore.G44P446W92.RefreshAllIntent,action_external_app
com.P4N4J84A3M.com.rileytestut.AltStore.ViewAppIntent,action_external_app
com.P4N4J84A3M.com.rileytestut.AltStore.RefreshAllIntent,action_external_app
co.zottmann.ActionsForObsidian.CheckForNotes,action_external_app
co.zottmann.ActionsForObsidian.CheckForNote,action_external_app
co.zottmann.ActionsForObsidian.AppendNote,action_external_app
co.zottmann.ActionsForObsidian.CreateNote,action_external_app
com.tantsissa.AutoSleep.SleepRingsIntent,action_external_app
com.lexwarelabs.goodmorning.SleepIntent,action_external_app
is.workflow.actions.hide.app,action_decayed_action
in.muditbhargava.LookUp.AddToCollectionIntent,action_external_app
com.jonny.spring.KJYGetTweetIntent,action_external_app
ke.bou.WidgetPack.ModifierMinimumScaleFactorIntent,action_external_app
fm.overcast.overcast.add,action_external_app
com.alexhay.ToolboxProForShortcuts.GetSymbolNameIntent,action_external_app
org.fastdevsproject.altervista.Device-Monitor.CPUChartIntent,action_external_app
org.fastdevsproject.altervista.Device-Monitor.RAMChartIntent,action_external_app
org.fastdevsproject.altervista.Device-Monitor.RAMDepthCleanIntent,action_external_app
com.openai.chat.OpenVoiceModeIntent,action_external_app
com.apple.iBooks.BookReaderChangeThemeIntent,action_external_app
com.apple.iBooks.BookReaderChangePageNavigationIntent,action_external_app
is.workflow.actions.evernote.getlink,action_external_app
is.workflow.actions.movewindow,action_decayed_action
com.pcalc.mobile.CalcSetRegisterWithValueIntent,action_external_app
com.pcalc.mobile.CalcRunFunctionWithOneParameterIntent,action_external_app
com.pcalc.mobile.CalcRunFunctionWithTwoParametersIntent,action_external_app
com.culturedcode.ThingsMac.TINRunThingsURLIntent,action_external_app
com.apple.AccessibilityUIServer.ToggleMusicHapticsIntent,action_external_app
com.iconfactory.Tot.GetDotIntent,action_external_app
ke.bou.WidgetPack.ModifierShadowIntent,action_external_app
com.alexhay.ToolboxProForShortcuts.GetLocationFromTextIntent,action_external_app
com.shi.AviaryApp.PostTweetIntent,action_external_app
com.twidere.TwidereX.PublishPostIntent,action_external_app
com.ulyssesapp.ios.ULListSheetsIntent,action_external_app
com.ulyssesapp.ios.ULGetIdentifierIntent,action_external_app
com.ulyssesapp.ios.ULGetSheetIntent,action_external_app
net.shinyfrog.bear-iOS.SFAddFilesToNoteIntent,action_external_app
com.waterminder.waterminder.LogCupIntent,action_external_app
com.waterminder.waterminder.LogDrinkIntent,action_external_app
com.waterminder.waterminder.ShowLastDrinkIntent,action_external_app
com.waterminder.waterminder.ShowProgressIntent,action_external_app
com.waterminder.waterminder.ShowRemainingWaterGoalIntent,action_external_app
com.wiheads.paste.ios.GetLatestItemIntent,action_external_app
com.highcaffeinecontent.radio.MRDPlayStationIntent,action_external_app
com.tantsissa.AutoSleep.WristTempIntent,action_external_app
com.omz-software.Pythonista3.PA3AddFileIntent,action_external_app
com.microsoft.to-do.WLShowListIntent,action_external_app
com.XC759DNLDS.com.rileytestut.AltStore.RefreshAllIntent,action_external_app
ai.perplexity.app.OpenVoiceInAppIntent,action_external_app
com.sindresorhus.Actions.TransformTextWithJavaScriptIntent,action_external_app
com.sindresorhus.Actions.ColorIntent,action_external_app
ke.bou.GizmoPack.QueryDocumentIntent,action_external_app
ke.bou.WidgetPack.ModifierOpacityIntent,action_external_app
dev.fuxiao.app.Hamster.RimeDeployIntent,action_external_app
